<pdf type="user" filename="printLogo.jpg" headline="User information">
	<section name="Personal user information">
		<entry name="inetOrgPerson_title" />
		<entry name="inetOrgPerson_givenName" />
		<entry name="inetOrgPerson_sn" />
		<entry name="inetOrgPerson_street" />
		<entry name="inetOrgPerson_postalCode" />
		<entry name="inetOrgPerson_postalAddress" />
		<entry name="inetOrgPerson_mail" />
		<entry name="inetOrgPerson_telephoneNumber" />
		<entry name="inetOrgPerson_mobileTelephoneNumber" />
		<entry name="inetOrgPerson_facsimileTelephoneNumber" />
	</section>
	<section name="Unix settings">
		<entry name="posixAccount_uid" />
		<entry name="posixAccount_userPassword" />
		<entry name="posixAccount_primaryGroup" />
		<entry name="posixAccount_additionalGroups" />
		<entry name="posixAccount_homeDirectory" />
		<entry name="posixAccount_loginShell" />
		<entry name="shadowAccount_shadowExpire" />
	</section>
	<section name="Windows settings">
		<entry name="sambaSamAccount_displayName" />
		<entry name="sambaSamAccount_sambaDomainName" />
		<entry name="sambaSamAccount_sambaHomeDrive" />
		<entry name="sambaSamAccount_sambaHomePath" />
		<entry name="sambaSamAccount_sambaLogonScript" />
		<entry name="sambaSamAccount_sambaProfilePath" />
		<entry name="sambaSamAccount_sambaUserWorkstations" />
	</section>
	<section name="Quota Settings">
		<entry name="quota_quotas" />
	</section>
</pdf>