<pdf type="ppolicyType" filename="printLogo.jpg" headline="LDAP Account Manager">
	<section name="_ppolicy_cn">
		<entry name="ppolicy_pwdMinAge" />
		<entry name="ppolicy_pwdMaxAge" />
		<entry name="ppolicy_pwdExpireWarning" />
		<entry name="ppolicy_pwdGraceAuthnLimit" />
		<entry name="ppolicy_pwdInHistory" />
		<entry name="ppolicy_pwdCheckQuality" />
		<entry name="ppolicy_pwdMinLength" />
		<entry name="ppolicy_pwdLockout" />
		<entry name="ppolicy_pwdLockoutDuration" />
		<entry name="ppolicy_pwdMaxFailure" />
		<entry name="ppolicy_pwdFailureCountInterval" />
		<entry name="ppolicy_pwdMustChange" />
		<entry name="ppolicy_pwdAllowUserChange" />
		<entry name="ppolicy_pwdSafeModify" />
	</section>
</pdf>